Date,Time,Open,High,Low,Close,Volume,OpenInt
2017-08-29,09:05:00,41.91,41.91,41.91,41.91,50,0
2017-08-29,09:25:00,41.005,41.005,41,41.005,1158,0
2017-08-29,09:50:00,41,41,41,41,400,0
2017-08-29,09:55:00,41,41,41,41,184,0
2017-08-29,10:15:00,41,41,41,41,19,0
2017-08-29,10:25:00,41,41,40.99,40.99,304,0
2017-08-29,10:30:00,40.99,40.99,40.99,40.99,77,0
2017-08-29,10:50:00,40.455,40.455,40.455,40.455,445,0
2017-08-29,11:25:00,40.44,40.44,40.44,40.44,100,0
2017-08-29,11:35:00,41.155,41.155,41.155,41.155,50,0
2017-08-29,11:55:00,41.345,41.345,41.345,41.345,121,0
2017-08-29,12:30:00,40.515,40.515,40.51,40.51,423,0
2017-08-29,13:10:00,40.515,40.515,40.37,40.37,556,0
2017-08-29,13:20:00,40.51,40.51,40.51,40.51,16,0
2017-08-29,13:30:00,40.51,40.51,40.055,40.055,50,0
2017-08-29,14:25:00,40.56,40.7,40.56,40.7,69,0
2017-08-29,14:35:00,41.09,41.105,41.09,41.105,431,0
2017-08-29,14:40:00,41.08,41.08,41.08,41.08,340,0
2017-08-29,14:50:00,41.1,41.1,41.1,41.1,50,0
2017-08-29,15:50:00,40.075,40.075,40.075,40.075,15,0
2017-08-29,16:35:00,40.5,40.5,40.5,40.5,54,0
2017-08-29,16:45:00,41.17,41.4,41.17,41.4,600,0
2017-08-29,17:30:00,41.4,41.5,41.295,41.295,244,0
2017-08-30,09:05:00,41.2,41.2,41.2,41.2,23,0
2017-08-30,13:00:00,41.055,41.055,41.055,41.055,24,0
2017-08-30,17:30:00,41.41,41.41,41.41,41.41,0,0
2017-08-31,09:05:00,41.05,41.05,41.05,41.05,149,0
2017-08-31,09:30:00,41.47,41.47,41.47,41.47,100,0
2017-08-31,13:20:00,41.73,41.73,41.73,41.73,28,0
2017-08-31,13:40:00,41.705,41.705,41.705,41.705,30,0
2017-08-31,14:10:00,41.205,41.205,40.605,40.605,1584,0
2017-08-31,14:15:00,40.595,40.595,40.595,40.595,243,0
2017-08-31,14:40:00,40.595,40.595,40.5,40.5,118,0
2017-08-31,14:50:00,40.2,40.2,40.2,40.2,26,0
2017-08-31,14:55:00,40.2,40.2,40.2,40.2,256,0
2017-08-31,15:25:00,40.4,40.4,40.4,40.4,200,0
2017-08-31,17:30:00,40.185,40.185,40.185,40.185,360,0
2017-09-01,09:05:00,40.08,40.08,40.08,40.08,25,0
2017-09-01,09:25:00,40.135,40.135,39.985,39.985,732,0
2017-09-01,09:45:00,39.7,39.7,39.7,39.7,40,0
2017-09-01,10:35:00,39.93,39.93,39.93,39.93,50,0
2017-09-01,10:40:00,39.92,39.985,39.92,39.985,107,0
2017-09-01,10:45:00,39.735,39.735,39.7,39.7,50,0
2017-09-01,12:20:00,39.705,39.705,39.7,39.7,100,0
2017-09-01,13:20:00,39.77,39.77,39.77,39.77,9,0
2017-09-01,13:30:00,39.995,39.995,39.995,39.995,112,0
2017-09-01,14:40:00,39.995,40,39.995,40,909,0
2017-09-01,15:50:00,40,40,40,40,20,0
2017-09-01,16:00:00,39.8,39.8,39.8,39.8,80,0
2017-09-01,16:15:00,40.12,40.12,40.12,40.12,100,0
2017-09-01,16:25:00,39.875,39.875,39.8,39.8,125,0
2017-09-01,16:50:00,40.26,40.26,40.26,40.26,41,0
2017-09-01,17:00:00,40.395,40.395,40.395,40.395,50,0
2017-09-01,17:20:00,40.59,40.59,40.59,40.59,13,0
2017-09-01,17:30:00,40.265,40.265,39.8,39.8,139,0
2017-09-04,09:05:00,39.905,40,39.5,40,169,0
2017-09-04,12:00:00,40.415,40.415,40.415,40.415,20,0
2017-09-04,12:35:00,40.415,40.415,40.415,40.415,24,0
2017-09-04,13:15:00,40.555,40.555,40.555,40.555,100,0
2017-09-04,14:35:00,40.56,40.56,40.56,40.56,117,0
2017-09-04,14:40:00,40.56,40.56,40.56,40.56,283,0
2017-09-04,15:35:00,41,41.3,41,41.3,122,0
2017-09-04,16:15:00,41.28,41.3,41.28,41.3,45,0
2017-09-04,17:10:00,41.28,41.28,41.28,41.28,16,0
2017-09-04,17:30:00,41.29,41.29,41.29,41.29,237,0
2017-09-05,09:25:00,40.505,40.505,38.63,38.63,550,0
2017-09-05,09:40:00,39.5,39.5,39.245,39.245,70,0
2017-09-05,09:45:00,40.765,40.765,40.765,40.765,25,0
2017-09-05,09:50:00,39.28,39.28,39.28,39.28,50,0
2017-09-05,10:25:00,39.76,39.76,39.76,39.76,87,0
2017-09-05,10:55:00,40.345,40.345,40.345,40.345,17,0
2017-09-05,11:00:00,40.5,40.5,40.5,40.5,143,0
2017-09-05,11:35:00,39.95,39.95,39.95,39.95,20,0
2017-09-05,11:40:00,40.105,40.11,40.105,40.11,16,0
2017-09-05,12:50:00,39.545,39.565,39.545,39.565,7,0
2017-09-05,13:05:00,39.55,39.55,39.55,39.55,1,0
2017-09-05,13:30:00,40.155,40.155,40.155,40.155,25,0
2017-09-05,15:10:00,40.005,40.005,40.005,40.005,3,0
2017-09-05,16:45:00,39.565,39.565,39.565,39.565,27,0
2017-09-05,17:05:00,40,40,40,40,7,0
2017-09-05,17:15:00,39.645,39.655,39.645,39.655,7,0
2017-09-05,17:30:00,39.54,39.54,39.54,39.54,13,0
2017-09-06,09:05:00,40.1,40.1,38.79,38.79,612,0
2017-09-06,09:30:00,39.745,39.745,39.745,39.745,50,0
2017-09-06,09:45:00,39.72,39.72,39.72,39.72,50,0
2017-09-06,09:55:00,39.495,39.5,39.495,39.5,270,0
2017-09-06,10:25:00,39.5,39.5,38.9,38.9,300,0
2017-09-06,10:50:00,39.855,39.855,39.855,39.855,3,0
2017-09-06,11:00:00,39.835,39.835,39.835,39.835,10,0
2017-09-06,11:05:00,39.995,39.995,39.93,39.93,105,0
2017-09-06,13:20:00,39.35,39.35,39.35,39.35,8,0
2017-09-06,14:30:00,40.15,40.15,40.15,40.15,164,0
2017-09-06,15:00:00,39.585,39.585,39.585,39.585,100,0
2017-09-06,15:15:00,40.09,40.09,40.09,40.09,32,0
2017-09-06,16:30:00,40.09,40.09,40.09,40.09,92,0
2017-09-06,17:30:00,39.955,39.955,39.65,39.65,22,0
2017-09-07,09:05:00,40,40,40,40,36,0
2017-09-07,09:40:00,39.865,39.9,39.865,39.9,300,0
2017-09-07,10:15:00,39.9,39.9,39.9,39.9,100,0
2017-09-07,10:25:00,39.8,39.8,39.8,39.8,22,0
2017-09-07,10:45:00,39.995,39.995,39.995,39.995,100,0
2017-09-07,11:00:00,39.995,40.345,39.995,40.345,602,0
2017-09-07,11:05:00,40.405,40.55,40.405,40.55,436,0
2017-09-07,11:10:00,40.65,40.65,40.65,40.65,25,0
2017-09-07,11:15:00,41.275,41.275,41.275,41.275,7,0
2017-09-07,11:20:00,40.62,41.275,40.62,41,542,0
2017-09-07,11:30:00,41,41,41,41,50,0
2017-09-07,11:45:00,40.605,40.605,40.605,40.605,100,0
2017-09-07,12:30:00,40.995,41,40.995,41,500,0
2017-09-07,12:35:00,41,41,41,41,101,0
2017-09-07,13:15:00,40.65,40.65,40.65,40.65,2,0
2017-09-07,13:30:00,40.69,40.69,40.5,40.5,1002,0
2017-09-07,14:20:00,40.98,41,40.98,41,24,0
2017-09-07,16:05:00,40.45,40.45,40.45,40.45,128,0
2017-09-07,16:55:00,40.5,40.57,40.5,40.57,21,0
2017-09-07,17:15:00,40.48,40.48,40.48,40.48,99,0
2017-09-07,17:20:00,40.485,40.485,40.485,40.485,4,0
2017-09-07,17:30:00,40.485,40.915,40.45,40.45,43,0
2017-09-08,09:05:00,39.95,39.95,39.895,39.895,550,0
2017-09-08,09:20:00,40.91,40.91,40.91,40.91,20,0
2017-09-08,09:30:00,40.905,40.905,40.905,40.905,15,0
2017-09-08,09:55:00,40.335,40.335,39.845,39.845,450,0
2017-09-08,10:15:00,40.635,40.635,40.635,40.635,10,0
2017-09-08,10:45:00,40.65,40.65,40.65,40.65,10,0
2017-09-08,10:55:00,40.13,40.13,40.015,40.015,285,0
2017-09-08,12:20:00,40.07,40.07,40.01,40.01,200,0
2017-09-08,14:15:00,40.625,40.625,40.625,40.625,7,0
2017-09-08,14:25:00,40.625,40.625,40.625,40.625,6,0
2017-09-08,15:30:00,40.01,40.01,40.01,40.01,221,0
2017-09-08,15:45:00,39.85,39.85,39.5,39.5,894,0
2017-09-08,16:35:00,39.9,39.9,39.9,39.9,68,0
2017-09-08,16:40:00,40,40,40,40,328,0
2017-09-08,17:30:00,40,40,39.93,39.93,607,0
2017-09-11,09:05:00,40.69,40.69,40.69,40.69,100,0
2017-09-11,10:50:00,40.495,40.495,40.495,40.495,124,0
2017-09-11,11:05:00,40.435,40.435,40.435,40.435,100,0
2017-09-11,11:10:00,40.445,40.445,40.445,40.445,9,0
2017-09-11,11:30:00,40.005,40.005,38.355,38.355,2487,0
2017-09-11,11:35:00,38.405,38.405,37.96,37.96,1451,0
2017-09-11,11:40:00,37.95,37.95,36.715,36.715,1305,0
2017-09-11,11:45:00,37.97,37.99,37,37.985,335,0
2017-09-11,12:00:00,37.985,37.985,37.985,37.985,256,0
2017-09-11,12:05:00,37.99,37.99,37.9,37.9,427,0
2017-09-11,12:15:00,38.935,38.935,38.935,38.935,100,0
2017-09-11,12:30:00,38.005,38.005,38,38,25,0
2017-09-11,12:40:00,38.4,38.4,37.005,37.005,225,0
2017-09-11,13:00:00,38.46,38.46,38.46,38.46,15,0
2017-09-11,13:10:00,38.455,38.455,37.2,37.2,285,0
2017-09-11,13:25:00,37.5,37.5,37.5,37.5,85,0
2017-09-11,13:35:00,37.92,37.92,37.92,37.92,28,0
2017-09-11,13:40:00,38.405,38.405,38.405,38.405,20,0
2017-09-11,13:50:00,38.495,38.495,37.995,37.995,141,0
2017-09-11,14:20:00,37.995,37.995,37.995,37.995,130,0
2017-09-11,14:25:00,37.985,37.985,37.985,37.985,35,0
2017-09-11,14:45:00,37.995,37.995,37.995,37.995,10,0
2017-09-11,15:20:00,37.32,37.32,37.105,37.105,122,0
2017-09-11,15:30:00,37.11,37.11,37,37,633,0
2017-09-11,15:35:00,36.775,36.775,36.36,36.36,112,0
2017-09-11,15:40:00,36.05,36.05,35.61,35.61,372,0
2017-09-11,15:50:00,35.855,35.855,35.855,35.855,60,0
2017-09-11,16:00:00,37,37,36.9,36.9,468,0
2017-09-11,16:05:00,37.03,37.25,36.9,36.9,425,0
2017-09-11,16:10:00,36.75,36.75,36.75,36.75,11,0
2017-09-11,16:35:00,37,37,36.75,36.75,200,0
2017-09-11,16:40:00,36.75,36.75,36.5,36.5,100,0
2017-09-11,16:45:00,36.75,36.75,36.75,36.75,20,0
2017-09-11,16:50:00,37.315,37.32,36.75,36.75,220,0
2017-09-11,16:55:00,36.7,37.575,36.7,37.195,248,0
2017-09-11,17:10:00,37,37.145,36.9,37.145,499,0
2017-09-11,17:20:00,37,37,36.4,36.4,320,0
2017-09-11,17:25:00,36.5,36.695,36.25,36.695,225,0
2017-09-11,17:30:00,35.9,36.005,35.6,35.6,464,0
2017-09-12,09:05:00,36,36,36,36,196,0
2017-09-12,09:10:00,36.505,36.505,36.5,36.5,175,0
2017-09-12,09:15:00,36.5,36.5,36.5,36.5,50,0
2017-09-12,09:20:00,36.6,36.6,35.635,35.635,150,0
2017-09-12,09:25:00,36.9,37.135,36.9,37.135,29,0
2017-09-12,09:35:00,36.79,36.8,36.205,36.205,71,0
2017-09-12,09:50:00,36.2,36.2,36.2,36.2,92,0
2017-09-12,09:55:00,36.5,36.5,36.5,36.5,150,0
2017-09-12,10:00:00,36.5,36.5,36.5,36.5,150,0
2017-09-12,10:25:00,37.125,37.13,37.125,37.13,15,0
2017-09-12,10:35:00,37.385,37.385,37.385,37.385,15,0
2017-09-12,10:45:00,36.6,37.385,36.25,37.385,296,0
2017-09-12,11:05:00,37.385,37.385,37.38,37.38,339,0
2017-09-12,12:30:00,36.505,36.505,36.505,36.505,17,0
2017-09-12,13:10:00,36.505,36.505,36.5,36.5,91,0
2017-09-12,13:20:00,36,36,36,36,29,0
2017-09-12,13:40:00,36.845,36.845,36.845,36.845,50,0
2017-09-12,14:05:00,36.4,36.4,36.4,36.4,25,0
2017-09-12,14:10:00,36.4,36.4,35.945,35.945,678,0
2017-09-12,14:15:00,35.505,35.505,35.505,35.505,268,0
2017-09-12,14:20:00,35.93,36.4,35.93,36,1009,0
2017-09-12,14:25:00,36,36,36,36,86,0
2017-09-12,14:30:00,37.25,37.25,37.25,37.25,10,0
2017-09-12,14:50:00,34.99,34.99,33.05,33.055,4867,0
2017-09-12,14:55:00,33.2,33.2,33.01,33.01,288,0
2017-09-12,15:00:00,33.2,33.2,33.2,33.2,2,0
2017-09-12,15:05:00,33.995,34,33.995,33.995,316,0
2017-09-12,15:15:00,33.9,33.9,33.8,33.8,119,0
2017-09-12,15:20:00,33.8,33.8,33,33,405,0
2017-09-12,15:25:00,33,33,32.53,32.53,259,0
2017-09-12,15:30:00,32.245,32.245,32,32.07,907,0
2017-09-12,15:35:00,31,31,30.32,31,451,0
2017-09-12,15:40:00,32.5,32.5,32.5,32.5,11,0
2017-09-12,15:45:00,31.005,32,30.22,30.22,1870,0
2017-09-12,15:50:00,30.225,30.6,30,30,600,0
2017-09-12,15:55:00,30.005,30.8,30,30.8,401,0
2017-09-12,16:00:00,30.8,31,30.8,30.9,494,0
2017-09-12,16:05:00,31.55,32.375,31.55,32.375,584,0
2017-09-12,16:10:00,32.005,32.005,30.9,31.2,1965,0
2017-09-12,16:15:00,31.495,32.49,31.495,32.49,562,0
2017-09-12,16:20:00,32.195,32.195,32.195,32.195,60,0
2017-09-12,16:25:00,32.195,32.195,32.185,32.185,45,0
2017-09-12,16:35:00,31.985,32.395,31.985,32.395,518,0
2017-09-12,16:40:00,31.8,31.8,31.8,31.8,30,0
2017-09-12,16:55:00,32.155,32.245,32.03,32.245,125,0
2017-09-12,17:00:00,32.245,32.245,32.245,32.245,99,0
2017-09-12,17:05:00,31.805,31.805,31.8,31.8,150,0
2017-09-12,17:20:00,32.2,32.2,32.2,32.2,15,0
2017-09-12,17:25:00,32.365,32.365,32.365,32.365,25,0
2017-09-12,17:30:00,32,32,32,32,364,0
2017-09-13,09:05:00,33.5,33.985,33.5,33.985,671,0
2017-09-13,09:10:00,33.99,35,33.99,35,468,0
2017-09-13,09:15:00,34.3,35.5,34.3,35.5,679,0
2017-09-13,09:25:00,35.25,35.25,35,35,653,0
2017-09-13,09:30:00,35.49,35.49,35,35,120,0
2017-09-13,09:35:00,35.235,35.235,35.235,35.235,35,0
2017-09-13,09:40:00,35.075,35.475,35.075,35.47,378,0
2017-09-13,09:45:00,35.47,35.475,35.47,35.475,75,0
2017-09-13,09:50:00,35.47,35.475,35.47,35.475,100,0
2017-09-13,09:55:00,35.47,35.47,35.47,35.47,20,0
2017-09-13,10:15:00,35.47,35.48,35.47,35.48,453,0
2017-09-13,10:20:00,35.5,36.18,35.5,36.18,556,0
2017-09-13,10:35:00,35.405,35.405,35.405,35.405,150,0
2017-09-13,10:40:00,36,36,35.995,35.995,46,0
2017-09-13,10:45:00,36.185,36.19,36.185,36.185,213,0
2017-09-13,10:55:00,36.19,36.19,36.19,36.19,20,0
2017-09-13,11:00:00,36,36,36,36,200,0
2017-09-13,11:05:00,36.19,36.19,36.19,36.19,55,0
2017-09-13,11:10:00,36.195,36.34,35.8,36.34,147,0
2017-09-13,11:15:00,36,36,36,36,20,0
2017-09-13,11:30:00,35.75,35.75,35.3,35.3,35,0
2017-09-13,12:30:00,35.92,36,35.3,35.3,251,0
2017-09-13,12:50:00,35.2,35.2,35,35,515,0
2017-09-13,12:55:00,34.215,35.35,34.215,34.89,555,0
2017-09-13,13:00:00,34.89,34.89,34.89,34.89,100,0
2017-09-13,13:15:00,34.95,35.595,34.89,35.595,755,0
2017-09-13,14:15:00,35.325,35.325,35.325,35.325,155,0
2017-09-13,14:20:00,35.63,35.65,35.63,35.65,424,0
2017-09-13,15:10:00,35.66,35.66,35.66,35.66,15,0
2017-09-13,15:30:00,35.035,35.035,35.035,35.035,7,0
2017-09-13,16:15:00,35.015,35.015,35.015,35.015,200,0
2017-09-13,16:25:00,35.395,35.395,35.395,35.395,140,0
2017-09-13,16:50:00,35.01,35.01,35.01,35.01,356,0
2017-09-13,17:10:00,34.705,34.705,34.7,34.7,300,0
2017-09-13,17:15:00,35.095,35.365,35.095,35.365,33,0
2017-09-13,17:25:00,35.4,35.4,35.4,35.4,83,0
2017-09-13,17:30:00,35.005,35.005,35,35,309,0
2017-09-14,09:05:00,35.705,35.705,35.705,35.705,125,0
2017-09-14,09:10:00,35.7,35.7,35.7,35.7,76,0
2017-09-14,09:15:00,35.7,35.7,35.7,35.7,50,0
2017-09-14,09:40:00,36,36,36,36,44,0
2017-09-14,10:10:00,36,36.175,36,36.175,300,0
2017-09-14,10:15:00,36.485,36.485,36.485,36.485,400,0
2017-09-14,10:30:00,36.585,36.585,36.585,36.585,45,0
2017-09-14,10:35:00,36.595,36.605,36.595,36.605,477,0
2017-09-14,10:40:00,36.775,36.82,36.775,36.82,150,0
2017-09-14,10:45:00,37,37.15,37,37.15,150,0
2017-09-14,11:05:00,37.145,37.15,37.145,37.15,540,0
2017-09-14,11:15:00,37.1,37.485,37.1,37.485,100,0
2017-09-14,11:35:00,37.095,37.1,37.095,37.1,75,0
2017-09-14,12:15:00,37.25,37.25,37.25,37.25,83,0
2017-09-14,12:30:00,36.755,37.285,36.085,37.285,464,0
2017-09-14,12:35:00,37.05,37.175,37.05,37.175,47,0
2017-09-14,13:00:00,37.05,37.05,37.05,37.05,19,0
2017-09-14,13:05:00,36.505,36.505,36.505,36.505,10,0
2017-09-14,13:10:00,37.17,37.17,37.015,37.02,104,0
2017-09-14,13:25:00,36.505,36.505,36.505,36.505,2,0
2017-09-14,13:40:00,37,37,37,37,181,0
2017-09-14,13:45:00,37.16,37.17,37,37,20,0
2017-09-14,14:55:00,37.17,37.175,37.17,37.175,135,0
2017-09-14,15:05:00,37.01,37.01,37,37,739,0
2017-09-14,15:10:00,37,37,37,37,71,0
2017-09-14,15:40:00,37,37,37,37,200,0
2017-09-14,15:50:00,36.75,36.75,36.75,36.75,108,0
2017-09-14,15:55:00,36.75,36.75,36.6,36.6,100,0
2017-09-14,16:50:00,36.6,36.6,35.915,35.915,8,0
2017-09-14,16:55:00,35.915,35.915,35.915,35.915,4,0
2017-09-14,17:00:00,36.64,36.64,36.64,36.64,15,0
2017-09-14,17:30:00,36.5,36.75,36.5,36.75,135,0
2017-09-15,09:05:00,37.99,37.99,37.75,37.75,1015,0
2017-09-15,09:10:00,37.78,37.785,37.6,37.6,302,0
2017-09-15,09:30:00,37.98,38.5,37.98,37.995,1317,0
2017-09-15,09:35:00,38.5,38.5,38.5,38.5,152,0
2017-09-15,09:55:00,38.22,38.22,38.215,38.215,500,0
2017-09-15,10:30:00,38.015,38.015,38,38,296,0
2017-09-15,10:45:00,38.855,38.855,38.7,38.7,235,0
2017-09-15,11:05:00,37.99,37.99,37.385,37.385,109,0
2017-09-15,11:30:00,38.47,38.47,38.47,38.47,20,0
2017-09-15,12:25:00,38.485,38.49,38.485,38.49,237,0
2017-09-15,13:20:00,37.505,37.505,37.505,37.505,293,0
2017-09-15,13:25:00,37.505,37.505,37.5,37.5,111,0
2017-09-15,13:30:00,37.505,37.505,37.505,37.505,258,0
2017-09-15,15:05:00,37.25,37.25,37.25,37.25,14,0
2017-09-15,15:10:00,37,37,37,37,11,0
2017-09-15,15:50:00,37.25,37.25,37.25,37.25,136,0
2017-09-15,16:55:00,37.005,37.005,36.995,36.995,321,0
2017-09-15,17:10:00,36.995,36.995,36.995,36.995,8,0
2017-09-15,17:25:00,36.705,36.705,36.705,36.705,257,0
2017-09-15,17:30:00,36.5,36.65,36.5,36.65,10,0
2017-09-18,09:05:00,36.635,36.635,36.635,36.635,210,0
2017-09-18,09:55:00,35.75,35.75,35.75,35.75,154,0
2017-09-18,10:20:00,36,36,36,36,40,0
2017-09-18,11:10:00,36.53,36.53,36.53,36.53,27,0
2017-09-18,11:30:00,35.845,35.845,35.74,35.74,100,0
2017-09-18,12:30:00,35.35,35.4,35.35,35.4,122,0
2017-09-18,13:10:00,35.405,35.405,35.4,35.4,450,0
2017-09-18,13:15:00,35.35,35.35,35.34,35.34,150,0
2017-09-18,13:30:00,36.495,36.495,36.495,36.495,15,0
2017-09-18,14:50:00,35.16,35.16,35.16,35.16,311,0
2017-09-18,15:05:00,36.01,36.01,36.01,36.01,200,0
2017-09-18,15:10:00,35.99,35.99,35.99,35.99,10,0
2017-09-18,16:45:00,35.55,35.55,35.55,35.55,7,0
2017-09-18,17:05:00,35.55,35.795,35.55,35.795,15,0
2017-09-18,17:15:00,35.16,35.16,35.16,35.16,240,0
2017-09-18,17:25:00,35.16,35.16,35.16,35.16,60,0
2017-09-18,17:30:00,36.19,36.19,36.19,36.19,9,0
2017-09-19,09:10:00,35.03,35.03,35.03,35.03,323,0
2017-09-19,09:35:00,35,35,35,35,3,0
2017-09-19,09:55:00,35.045,35.045,35.045,35.045,125,0
2017-09-19,10:15:00,35.985,35.985,35.985,35.985,100,0
2017-09-19,11:05:00,35.13,35.13,35.13,35.13,120,0
2017-09-19,11:20:00,35.975,35.975,35.975,35.975,6,0
2017-09-19,12:15:00,35.395,35.395,35.395,35.395,125,0
2017-09-19,12:20:00,35.1,35.1,35.1,35.1,55,0
2017-09-19,12:40:00,35.395,35.4,35.395,35.4,200,0
2017-09-19,12:50:00,35.2,35.2,35.2,35.2,50,0
2017-09-19,14:15:00,35.985,35.985,35.985,35.985,7,0
2017-09-19,15:00:00,35.485,35.485,35.11,35.11,150,0
2017-09-19,16:20:00,35.985,36.27,35.985,36.27,324,0
2017-09-19,16:35:00,36.27,36.27,36.27,36.27,7,0
2017-09-19,17:30:00,36.25,36.27,36.25,36.27,10,0
2017-09-20,09:20:00,35.995,35.995,35.995,35.995,25,0
2017-09-20,10:10:00,36.95,36.95,36.95,36.95,200,0
2017-09-20,10:15:00,37.5,37.55,37.5,37.55,300,0
2017-09-20,10:20:00,37.415,37.42,37.415,37.42,370,0
2017-09-20,10:45:00,37.425,37.425,37.425,37.425,39,0
2017-09-20,10:50:00,37.425,37.425,37.41,37.41,50,0
2017-09-20,10:55:00,37.41,37.41,37.235,37.235,150,0
2017-09-20,11:30:00,37.225,37.225,37.11,37.11,274,0
2017-09-20,11:35:00,36.875,36.875,36.875,36.875,50,0
2017-09-20,12:20:00,37.775,37.8,37.775,37.8,499,0
2017-09-20,12:25:00,37.8,37.8,37.8,37.8,100,0
2017-09-20,12:30:00,37.8,37.8,37.8,37.8,100,0
2017-09-20,12:50:00,37.95,37.95,37.95,37.95,50,0
2017-09-20,12:55:00,37.8,37.8,37.8,37.8,14,0
2017-09-20,13:20:00,37.95,37.95,37.95,37.95,6,0
2017-09-20,13:35:00,37.815,37.815,37.81,37.81,512,0
2017-09-20,13:50:00,37.8,37.8,37.8,37.8,28,0
2017-09-20,14:30:00,37.82,37.82,37.82,37.82,66,0
2017-09-20,14:45:00,37.95,38.215,37.95,38.215,147,0
2017-09-20,14:50:00,38.745,38.745,38.745,38.745,15,0
2017-09-20,15:05:00,38.745,38.745,38.745,38.745,64,0
2017-09-20,15:40:00,38.195,38.2,38.195,38.2,308,0
2017-09-20,15:50:00,38.2,38.2,38.2,38.2,7,0
2017-09-20,16:05:00,38.2,38.2,38.2,38.2,82,0
2017-09-20,16:10:00,38.015,38.015,38.015,38.015,50,0
2017-09-20,16:25:00,38.745,38.75,38.745,38.75,350,0
2017-09-20,16:45:00,38.745,38.745,38.745,38.745,5,0
2017-09-20,16:50:00,38.74,38.74,38.74,38.74,5,0
2017-09-20,17:10:00,38.26,38.26,37.955,37.955,50,0
2017-09-20,17:30:00,38.15,38.15,38.15,38.15,12,0
2017-09-21,09:05:00,37.5,37.5,37.21,37.21,1036,0
2017-09-21,09:10:00,36.86,36.86,36.86,36.86,500,0
2017-09-21,09:15:00,37.1,37.1,37.1,37.1,136,0
2017-09-21,09:20:00,37.1,37.1,37.1,37.1,1,0
2017-09-21,09:40:00,37.16,37.16,37.16,37.16,48,0
2017-09-21,10:05:00,37.14,37.14,37.14,37.14,100,0
2017-09-21,10:30:00,36.87,36.87,36.87,36.87,3,0
2017-09-21,11:55:00,37.165,37.165,37.165,37.165,9,0
2017-09-21,12:00:00,37.15,37.185,37.15,37.185,808,0
2017-09-21,12:15:00,37.5,37.5,37.5,37.5,65,0
2017-09-21,13:30:00,37.495,37.5,37.495,37.5,283,0
2017-09-21,13:55:00,37.36,37.36,37.36,37.36,6,0
2017-09-21,14:10:00,37.7,37.7,37.7,37.7,10,0
2017-09-21,14:25:00,37.955,37.96,37.955,37.96,12,0
2017-09-21,14:35:00,37.96,38,37.96,38,294,0
2017-09-21,14:45:00,38.695,38.695,38.695,38.695,15,0
2017-09-21,15:50:00,38.69,38.695,38.69,38.695,193,0
2017-09-21,15:55:00,38.695,38.695,38.695,38.695,7,0
2017-09-21,16:15:00,38.5,38.5,38.5,38.5,45,0
2017-09-21,16:25:00,38.5,38.5,37.92,37.92,320,0
2017-09-21,17:10:00,37.9,37.9,37.9,37.9,200,0
2017-09-21,17:30:00,37.855,38.345,37.835,37.965,323,0
2017-09-22,10:00:00,38.495,38.495,38.495,38.495,20,0
2017-09-22,10:55:00,38.455,39,38.455,39,541,0
2017-09-22,11:00:00,38.79,38.79,38.79,38.79,100,0
2017-09-22,11:45:00,39.115,39.12,39.115,39.12,352,0
2017-09-22,11:50:00,39.45,39.45,39.445,39.445,200,0
2017-09-22,12:25:00,39.945,40.23,39.945,40.23,304,0
2017-09-22,12:35:00,40.95,40.95,40.95,40.95,50,0
2017-09-22,12:50:00,41.02,41.295,41.02,41.295,626,0
2017-09-22,13:00:00,40.205,40.205,40.2,40.2,580,0
2017-09-22,13:20:00,41.375,41.375,41.375,41.375,105,0
2017-09-22,13:40:00,40.335,40.335,40.335,40.335,300,0
2017-09-22,13:45:00,41.245,41.245,41.245,41.245,100,0
2017-09-22,13:50:00,40.505,40.995,40.5,40.995,437,0
2017-09-22,13:55:00,40.325,40.325,40.02,40.3,1681,0
2017-09-22,14:45:00,40.775,40.95,40.775,40.95,255,0
2017-09-22,15:35:00,40.525,40.525,40.525,40.525,500,0
2017-09-22,16:10:00,40.72,40.72,40.72,40.72,100,0
2017-09-22,16:20:00,40.72,40.72,40.02,40.02,1236,0
2017-09-22,16:25:00,40,40,40,40,3,0
2017-09-22,16:50:00,40.7,40.7,40.7,40.7,110,0
2017-09-22,16:55:00,40.7,40.7,40.7,40.7,390,0
2017-09-22,17:00:00,40.705,40.705,40.705,40.705,4,0
2017-09-22,17:10:00,40.51,40.51,40.51,40.51,75,0
2017-09-22,17:30:00,40.42,40.62,40.42,40.62,2,0
2017-09-25,09:05:00,40.5,40.62,40.5,40.62,182,0
2017-09-25,09:25:00,40.7,41.255,40.7,41.255,13,0
2017-09-25,09:50:00,41.295,41.3,41.295,41.3,650,0
2017-09-25,10:00:00,41.365,41.65,41.365,41.65,509,0
2017-09-25,10:05:00,41.995,41.995,41.995,41.995,5,0
2017-09-25,10:20:00,41.995,41.995,41.995,41.995,100,0
2017-09-25,11:35:00,41.385,41.385,41.385,41.385,8,0
2017-09-25,11:45:00,41.4,41.4,41.4,41.4,35,0
2017-09-25,12:00:00,41.385,41.385,41.38,41.38,100,0
2017-09-25,12:25:00,41.885,41.89,41.885,41.89,400,0
2017-09-25,12:40:00,41.885,41.885,41.885,41.885,15,0
2017-09-25,13:05:00,41.885,41.885,41.885,41.885,20,0
2017-09-25,14:45:00,41.77,41.895,41.77,41.895,49,0
2017-09-25,15:35:00,41.845,41.85,41.845,41.85,245,0
2017-09-25,15:40:00,41.9,41.9,41.9,41.9,50,0
2017-09-25,16:05:00,41.9,42,41.9,42,143,0
2017-09-25,16:30:00,41.995,42,41.995,42,340,0
2017-09-25,17:10:00,41.385,41.385,41.385,41.385,13,0
2017-09-25,17:20:00,41.895,41.9,41.895,41.9,82,0
2017-09-25,17:30:00,41.9,41.93,41.38,41.38,510,0
2017-09-26,09:05:00,41,41,41,41,6,0
2017-09-26,09:30:00,41,41.62,41,41.62,40,0
2017-09-26,10:05:00,41.995,42,41.995,42,300,0
2017-09-26,10:50:00,41.5,41.5,41.5,41.5,100,0
2017-09-26,11:20:00,41.995,42,41.995,42,111,0
2017-09-26,12:00:00,41.995,41.995,41.995,41.995,80,0
2017-09-26,13:10:00,41.91,41.91,41.91,41.91,10,0
2017-09-26,13:20:00,41.445,41.445,41.445,41.445,10,0
2017-09-26,13:50:00,41.445,41.445,41.235,41.235,138,0
2017-09-26,14:55:00,41.255,41.255,41.255,41.255,171,0
2017-09-26,16:00:00,40.805,40.805,40.635,40.635,220,0
2017-09-26,16:05:00,40.64,40.64,40.64,40.64,9,0
2017-09-26,16:25:00,41.25,41.8,41.25,41.8,110,0
2017-09-26,16:45:00,41.8,41.8,41.8,41.8,200,0
2017-09-26,17:05:00,41.4,41.995,41.4,41.995,178,0
2017-09-26,17:25:00,41.995,42,41.995,42,158,0
2017-09-26,17:30:00,40.6,41.285,40.6,41.285,2,0
2017-09-27,09:05:00,40.5,40.5,40.5,40.5,111,0
2017-09-27,09:25:00,41.195,41.2,41.195,41.2,127,0
2017-09-27,09:30:00,42.005,42.005,41.975,42,565,0
2017-09-27,09:35:00,42.285,42.295,42.285,42.295,537,0
2017-09-27,09:55:00,42.42,42.42,42.42,42.42,12,0
2017-09-27,10:05:00,42.42,42.42,42.42,42.42,300,0
2017-09-27,10:10:00,42.295,42.5,42.295,42.5,78,0
2017-09-27,10:20:00,41.775,41.775,41.775,41.775,90,0
2017-09-27,10:40:00,42.55,42.55,42.545,42.545,56,0
2017-09-27,10:45:00,42.05,42.05,42.05,42.05,200,0
2017-09-27,10:50:00,42.045,42.045,42.045,42.045,15,0
2017-09-27,11:50:00,42.045,42.055,42.045,42.05,907,0
2017-09-27,12:00:00,42.05,42.05,42.05,42.05,30,0
2017-09-27,14:05:00,41.6,41.6,41.6,41.6,10,0
2017-09-27,14:25:00,41.96,41.975,41.96,41.975,20,0
2017-09-27,15:50:00,41.94,41.94,41.94,41.94,5,0
2017-09-27,16:00:00,41.62,41.62,41.61,41.61,171,0
2017-09-27,16:05:00,41.975,41.98,41.975,41.98,500,0
2017-09-27,16:20:00,41.93,42,41.905,41.905,1518,0
2017-09-27,16:25:00,42,42,42,42,31,0
2017-09-27,16:50:00,42,42,42,42,300,0
2017-09-27,17:05:00,41.755,41.755,41.755,41.755,3,0
2017-09-27,17:10:00,41.755,42,41.755,42,53,0
2017-09-27,17:30:00,42,42,41.75,41.75,35,0
2017-09-28,09:35:00,41.805,41.805,41.805,41.805,191,0
2017-09-28,09:50:00,41.815,41.815,41.815,41.815,20,0
2017-09-28,10:00:00,41.855,41.855,41.855,41.855,109,0
2017-09-28,10:10:00,41.995,42,41.995,42,140,0
2017-09-28,11:00:00,42.545,42.545,42.545,42.545,50,0
2017-09-28,11:10:00,42.75,42.75,42.75,42.75,25,0
2017-09-28,11:20:00,43,43,43,43,243,0
2017-09-28,11:40:00,43.1,43.98,43.1,43.98,48,0
2017-09-28,11:45:00,42.59,42.59,42.59,42.59,4,0
2017-09-28,12:25:00,43.4,43.4,43.4,43.4,27,0
2017-09-28,13:25:00,43.5,43.5,43.5,43.5,250,0
2017-09-28,15:00:00,43.25,43.25,43.105,43.105,450,0
2017-09-28,16:10:00,43.005,45,43,45,2758,0
2017-09-28,16:15:00,45,45,45,45,68,0
2017-09-28,16:25:00,45,45,45,45,238,0
2017-09-28,16:30:00,44.335,44.74,44.09,44.74,1116,0
2017-09-28,16:40:00,43.505,43.505,43.505,43.505,12,0
2017-09-28,16:50:00,44.495,44.495,44.495,44.495,12,0
2017-09-28,17:30:00,44.495,44.495,43.63,44.055,122,0
2017-09-29,09:05:00,45,45,45,45,365,0
2017-09-29,09:10:00,44.995,45,44.895,44.9,665,0
2017-09-29,09:30:00,45.46,46,45.46,46,565,0
2017-09-29,09:40:00,45.45,45.45,45.45,45.45,6,0
2017-09-29,09:50:00,46.37,46.9,46.37,46.9,100,0
2017-09-29,10:05:00,46.9,46.9,46.87,46.87,207,0
2017-09-29,10:10:00,46.9,46.9,46.875,46.875,119,0
2017-09-29,10:40:00,46.95,47.18,46.95,47.18,85,0
2017-09-29,10:55:00,46.08,46.08,46,46,639,0
2017-09-29,11:10:00,45.055,46.76,45.055,46.76,48,0
2017-09-29,11:15:00,46.005,46.005,46,46,443,0
2017-09-29,11:20:00,45.9,45.9,45.9,45.9,200,0
2017-09-29,11:25:00,45.9,45.9,45.9,45.9,170,0
2017-09-29,11:30:00,46.76,46.76,46.76,46.76,48,0
2017-09-29,11:55:00,46.735,46.735,46.735,46.735,24,0
2017-09-29,12:15:00,46.005,46.005,46,46,500,0
2017-09-29,12:30:00,46.005,46.005,46,46,210,0
2017-09-29,13:20:00,46,46,46,46,94,0
2017-09-29,13:25:00,46.485,46.485,46.485,46.485,94,0
2017-09-29,13:30:00,46.49,46.49,46.49,46.49,30,0
2017-09-29,14:20:00,46,46,46,46,60,0
2017-09-29,14:40:00,46,46,45.995,45.995,428,0
2017-09-29,15:05:00,45.995,45.995,45.995,45.995,150,0
2017-09-29,16:00:00,45.89,45.89,45.89,45.89,20,0
2017-09-29,16:05:00,45.85,45.85,45.85,45.85,15,0
2017-09-29,16:45:00,45.85,45.85,45.85,45.85,96,0
2017-09-29,17:10:00,46.3,46.3,46.3,46.3,25,0
2017-09-29,17:15:00,46.5,46.5,46.5,46.5,62,0
2017-09-29,17:20:00,46.97,46.97,46.97,46.97,100,0
2017-09-29,17:30:00,46.725,46.725,46.725,46.725,96,0
2017-10-02,09:05:00,47.615,47.615,47.615,47.615,104,0
2017-10-02,09:25:00,47.995,47.995,47.995,47.995,21,0
2017-10-02,09:30:00,47.995,48,47.995,48,50,0
2017-10-02,09:55:00,47.075,47.075,47.05,47.05,200,0
2017-10-02,10:00:00,47.055,47.055,47.055,47.055,21,0
2017-10-02,10:05:00,47.95,47.95,47.95,47.95,150,0
2017-10-02,10:10:00,47.99,47.99,47.99,47.99,50,0
2017-10-02,10:30:00,47.155,47.155,47.115,47.115,40,0
2017-10-02,10:50:00,47.45,47.45,47.45,47.45,50,0
2017-10-02,11:20:00,47.45,47.97,47.45,47.97,130,0
2017-10-02,11:55:00,47.865,47.865,47.865,47.865,8,0
2017-10-02,12:05:00,47.23,47.23,47.23,47.23,105,0
2017-10-02,13:05:00,47.915,48,47.915,48,100,0
2017-10-02,13:40:00,47.975,47.975,47.975,47.975,22,0
2017-10-02,14:45:00,47.975,47.975,47.975,47.975,40,0
2017-10-02,16:45:00,47.86,47.86,47.86,47.86,202,0
2017-10-02,17:05:00,47.96,47.965,47.96,47.965,20,0
2017-10-02,17:10:00,47.965,47.965,47.965,47.965,13,0
2017-10-02,17:25:00,47.975,47.975,47.975,47.975,100,0
2017-10-02,17:30:00,47.985,47.985,47.985,47.985,11,0
2017-10-04,09:05:00,48.5,48.5,48.5,48.5,383,0
2017-10-04,09:15:00,48.485,48.5,48.485,48.5,189,0
2017-10-04,09:20:00,48.065,48.065,48.065,48.065,30,0
2017-10-04,09:40:00,48.035,48.035,47.28,47.28,150,0
2017-10-04,09:50:00,48.4,48.835,48.4,48.835,224,0
2017-10-04,10:05:00,48.86,48.86,48.86,48.86,5,0
2017-10-04,10:10:00,48.255,48.265,47.155,48.265,1130,0
2017-10-04,10:20:00,47.075,47.075,47.07,47.07,500,0
2017-10-04,10:25:00,47.05,47.05,46.395,46.395,118,0
2017-10-04,10:30:00,47.79,47.79,47.79,47.79,88,0
2017-10-04,10:40:00,46.47,46.47,46.47,46.47,21,0
2017-10-04,11:05:00,46.66,46.66,46.66,46.66,68,0
2017-10-04,11:10:00,47.99,47.99,47.99,47.99,12,0
2017-10-04,11:40:00,47.89,48.085,47.89,48.085,1440,0
2017-10-04,12:00:00,47.97,48.2,47.97,48.2,72,0
2017-10-04,12:10:00,48.2,48.2,48.2,48.2,7,0
2017-10-04,12:50:00,48.2,48.2,48.2,48.2,28,0
2017-10-04,13:00:00,48.2,48.2,48.2,48.2,7,0
2017-10-04,13:20:00,48.2,48.2,48.2,48.2,52,0
2017-10-04,13:45:00,48.2,48.2,48.2,48.2,7,0
2017-10-04,13:50:00,47.975,47.975,47.975,47.975,35,0
2017-10-04,14:10:00,47.975,47.975,47.975,47.975,30,0
2017-10-04,14:30:00,48.2,48.2,48.2,48.2,7,0
2017-10-04,14:45:00,47.975,47.975,47.975,47.975,50,0
2017-10-04,14:50:00,47.975,47.975,47.975,47.975,33,0
2017-10-04,14:55:00,47.975,47.975,47.97,47.97,490,0
2017-10-04,15:00:00,47.97,47.97,47.97,47.97,40,0
2017-10-04,15:15:00,48.2,48.2,48.2,48.2,6,0
2017-10-04,15:30:00,47.975,47.975,47.975,47.975,136,0
2017-10-04,15:55:00,47.98,48.3,47.97,48.3,166,0
2017-10-04,16:00:00,47.97,47.97,47.97,47.97,23,0
2017-10-04,16:30:00,47.985,47.985,47.98,47.98,200,0
2017-10-04,17:15:00,47.87,47.87,47.87,47.87,43,0
2017-10-04,17:20:00,47.865,47.865,47.865,47.865,7,0
2017-10-04,17:25:00,47.865,47.865,47.865,47.865,7,0
2017-10-04,17:30:00,47.85,47.85,46.97,46.97,110,0
2017-10-05,09:05:00,45.5,45.5,44.81,45.5,863,0
2017-10-05,09:25:00,44.985,45.44,44.985,45.44,49,0
2017-10-05,09:35:00,45.32,45.32,45.32,45.32,310,0
2017-10-05,09:40:00,45.4,45.4,45.4,45.4,97,0
2017-10-05,09:45:00,44.895,45.08,44.895,45.08,151,0
2017-10-05,10:00:00,45.05,45.05,45,45,245,0
2017-10-05,10:10:00,45,45,45,45,25,0
2017-10-05,10:35:00,45.5,45.5,45.5,45.5,50,0
2017-10-05,10:45:00,45.5,45.5,45.5,45.5,6,0
2017-10-05,11:00:00,45.5,45.5,45.5,45.5,43,0
2017-10-05,11:15:00,45.06,45.5,45.035,45.5,294,0
2017-10-05,11:20:00,45.5,45.5,45.5,45.5,69,0
2017-10-05,13:20:00,44.975,44.975,44.975,44.975,24,0
2017-10-05,13:45:00,45.495,45.495,44.965,44.965,71,0
2017-10-05,14:15:00,44.97,44.97,44.9,44.9,140,0
2017-10-05,14:55:00,45.485,45.49,45.485,45.49,55,0
2017-10-05,15:55:00,45.49,45.49,45.49,45.49,8,0
2017-10-05,16:40:00,45.49,45.49,44,44.7,1479,0
2017-10-05,17:00:00,43.96,44.43,42.65,42.65,1812,0
2017-10-05,17:25:00,42.9,42.9,42.9,42.9,90,0
2017-10-05,17:30:00,42.53,42.615,42.405,42.615,535,0
2017-10-06,09:10:00,43.395,43.4,43.395,43.4,400,0
2017-10-06,09:20:00,43.4,43.4,43.4,43.4,200,0
2017-10-06,09:25:00,43.4,43.4,43.4,43.4,9,0
2017-10-06,09:35:00,43.395,43.395,43.395,43.395,100,0
2017-10-06,09:50:00,42.975,42.975,42.975,42.975,51,0
2017-10-06,10:00:00,43.395,43.395,43.39,43.39,65,0
2017-10-06,10:25:00,43.395,43.395,43.395,43.395,200,0
2017-10-06,11:05:00,43.365,43.365,43.365,43.365,62,0
2017-10-06,11:10:00,42.905,42.905,42.5,42.5,461,0
2017-10-06,11:40:00,42.295,42.295,42.105,42.105,20,0
2017-10-06,12:20:00,42.105,42.99,42.095,42.99,399,0
2017-10-06,13:20:00,42.975,42.975,42.975,42.975,72,0
2017-10-06,14:45:00,42.975,42.975,42.975,42.975,8,0
2017-10-06,14:50:00,42.9,42.975,42.9,42.975,58,0
2017-10-06,14:55:00,42.265,42.265,42.265,42.265,54,0
2017-10-06,15:15:00,42.01,42.01,42.01,42.01,91,0
2017-10-06,15:40:00,42.595,42.595,42.11,42.11,38,0
2017-10-06,15:50:00,42.11,42.11,42.11,42.11,12,0
2017-10-06,16:00:00,42.695,42.695,42.695,42.695,150,0
2017-10-06,16:25:00,42.13,42.13,42.005,42.005,120,0
2017-10-06,16:50:00,42.01,42.495,42.01,42.495,446,0
2017-10-06,17:00:00,42.495,42.495,42.495,42.495,11,0
2017-10-06,17:20:00,42.495,42.495,42.015,42.015,78,0
2017-10-06,17:30:00,42.005,42.005,42,42,571,0
2017-10-09,09:05:00,42,42,42,42,276,0
2017-10-09,09:20:00,42,42,41.995,42,906,0
2017-10-09,10:40:00,42.475,42.475,42.475,42.475,88,0
2017-10-09,11:15:00,42.485,42.49,42.485,42.49,166,0
2017-10-09,11:30:00,42.485,42.6,42,42,425,0
2017-10-09,12:05:00,41.575,42.595,41.575,42.595,285,0
2017-10-09,12:35:00,41.945,42.525,41.55,42.525,444,0
2017-10-09,12:40:00,42.51,42.51,42.51,42.51,108,0
2017-10-09,13:20:00,42.55,42.55,42.55,42.55,45,0
2017-10-09,13:30:00,42.525,42.6,42.525,42.6,882,0
2017-10-09,13:35:00,42.595,42.595,42.595,42.595,40,0
2017-10-09,15:00:00,42.595,42.595,42.595,42.595,8,0
2017-10-09,15:25:00,42.48,42.6,42.02,42.6,340,0
2017-10-09,15:40:00,42.155,42.155,41.875,41.875,76,0
2017-10-09,16:15:00,42.115,42.115,41.855,41.855,60,0
2017-10-09,16:45:00,42.02,42.59,42.015,42.585,395,0
2017-10-09,16:50:00,42,42.59,42,42.59,154,0
2017-10-09,17:05:00,42.11,42.11,42.11,42.11,8,0
2017-10-09,17:15:00,42.135,42.135,42.135,42.135,17,0
2017-10-09,17:30:00,42.595,43.25,42.505,42.505,1118,0
2017-10-10,09:50:00,42.505,42.505,42.505,42.505,150,0
2017-10-10,10:05:00,42.81,42.81,42.81,42.81,60,0
2017-10-10,10:30:00,43.3,43.3,43.3,43.3,3,0
2017-10-10,10:55:00,43.575,44.165,43.5,44.165,492,0
2017-10-10,11:15:00,44.165,44.17,44.165,44.17,200,0
2017-10-10,12:00:00,44.795,44.795,44.795,44.795,9,0
2017-10-10,12:10:00,44.01,44.01,44.01,44.01,61,0
2017-10-10,13:05:00,44.595,44.595,44.595,44.595,9,0
2017-10-10,13:30:00,44.595,44.595,44.595,44.595,38,0
2017-10-10,14:20:00,44.585,44.585,44.585,44.585,9,0
2017-10-10,14:30:00,44,44,44,44,92,0
2017-10-10,15:15:00,44,44,44,44,12,0
2017-10-10,15:35:00,44,44,44,44,2,0
2017-10-10,16:25:00,44,44,43.505,43.56,98,0
2017-10-10,16:30:00,43.565,43.565,43.5,43.5,378,0
2017-10-10,16:35:00,43.5,43.5,43.425,43.425,13,0
2017-10-10,17:20:00,43.83,43.83,43.83,43.83,5,0
2017-10-10,17:25:00,43.83,43.83,43.83,43.83,46,0
2017-10-10,17:30:00,44.285,44.59,44.285,44.59,54,0
2017-10-11,09:05:00,44.995,44.995,44.995,44.995,1,0
2017-10-11,09:35:00,43.98,43.98,43.98,43.98,53,0
2017-10-11,09:55:00,43.415,43.415,43.415,43.415,19,0
2017-10-11,10:40:00,44,44,44,44,43,0
2017-10-11,10:45:00,44.11,44.11,44.11,44.11,5,0
2017-10-11,10:50:00,44.505,44.505,44.505,44.505,5,0
2017-10-11,11:05:00,44.32,44.32,44.32,44.32,11,0
2017-10-11,13:20:00,44.39,44.39,44.39,44.39,3,0
2017-10-11,14:10:00,44.265,44.58,44.265,44.58,372,0
2017-10-11,14:40:00,44.31,44.31,44.31,44.31,74,0
2017-10-11,14:45:00,44.005,44.005,44,44,230,0
2017-10-11,15:10:00,44.01,44.01,44.01,44.01,87,0
2017-10-11,15:45:00,44.32,44.32,44,44,34,0
2017-10-11,16:10:00,44.435,44.98,44.435,44.96,353,0
2017-10-11,16:20:00,44,44,44,44,22,0
2017-10-11,17:20:00,44.725,44.725,44.725,44.725,47,0
2017-10-11,17:30:00,44.645,44.645,44.645,44.645,10,0
2017-10-12,09:25:00,44.01,44.01,44.01,44.01,22,0
2017-10-12,10:20:00,44.01,44.01,44.01,44.01,117,0
2017-10-12,11:15:00,44,44,44,44,11,0
2017-10-12,12:00:00,44,44,43.815,43.815,205,0
2017-10-12,12:20:00,44,44.25,44,44.25,143,0
2017-10-12,14:45:00,44.25,44.25,44.25,44.25,77,0
2017-10-12,14:50:00,44.495,44.495,44.495,44.495,78,0
2017-10-12,14:55:00,44.005,44.005,44.005,44.005,120,0
2017-10-12,15:05:00,44,44,44,44,44,0
2017-10-12,15:10:00,43.935,43.935,43.935,43.935,6,0
2017-10-12,15:25:00,44.495,44.495,44.495,44.495,226,0
2017-10-12,15:30:00,44.495,44.5,44.01,44.01,69,0
2017-10-12,15:45:00,44.2,44.2,44.2,44.2,75,0
2017-10-12,16:45:00,44.2,44.2,44.2,44.2,10,0
2017-10-12,16:55:00,44.2,44.2,44.2,44.2,33,0
2017-10-12,17:15:00,44,44,43.935,43.935,62,0
2017-10-12,17:25:00,43.935,44,43.795,43.795,408,0
2017-10-12,17:30:00,43.96,43.96,43.96,43.96,51,0
2017-10-13,10:25:00,44.495,44.495,44.495,44.495,25,0
2017-10-13,10:50:00,44.475,44.475,44.475,44.475,10,0
2017-10-13,15:10:00,44.3,44.3,44.3,44.3,4,0
2017-10-13,16:00:00,43.9,44.485,43.385,44.485,221,0
2017-10-13,17:30:00,43.66,43.66,43.66,43.66,63,0
2017-10-16,09:10:00,43.065,43.065,43.06,43.06,117,0
2017-10-16,09:30:00,44.01,44.01,44.01,44.01,50,0
2017-10-16,09:35:00,43.005,43.005,42.95,42.95,373,0
2017-10-16,10:30:00,42.94,42.94,42.94,42.94,139,0
2017-10-16,10:35:00,43.425,43.425,43.425,43.425,56,0
2017-10-16,11:00:00,43.33,43.33,43.33,43.33,9,0
2017-10-16,13:20:00,42.345,42.345,42.345,42.345,10,0
2017-10-16,14:35:00,42.34,42.34,42.34,42.34,100,0
2017-10-16,16:55:00,42.09,42.09,42.09,42.09,35,0
2017-10-16,17:30:00,42.4,42.4,42.4,42.4,0,0
2017-10-17,09:15:00,42,42,41.815,41.815,420,0
2017-10-17,09:50:00,41.8,41.8,41.8,41.8,37,0
2017-10-17,10:40:00,41.61,41.61,41.61,41.61,100,0
2017-10-17,11:05:00,41.605,42.215,41.605,42.215,114,0
2017-10-17,12:50:00,41.6,41.6,41.535,41.535,133,0
2017-10-17,13:20:00,41.995,41.995,41.995,41.995,27,0
2017-10-17,14:20:00,41.5,41.5,41.5,41.5,21,0
2017-10-17,14:55:00,41.5,41.5,41.5,41.5,10,0
2017-10-17,16:25:00,41.52,41.52,41.5,41.5,126,0
2017-10-17,16:50:00,41.255,41.255,41.255,41.255,13,0
2017-10-17,17:30:00,41.135,41.275,41.135,41.275,50,0
2017-10-18,09:10:00,41,41.05,40.015,40.015,584,0
2017-10-18,09:15:00,40.99,40.99,40.99,40.99,25,0
2017-10-18,09:20:00,40.495,40.5,40.495,40.5,231,0
2017-10-18,09:30:00,40.105,40.105,40.105,40.105,292,0
2017-10-18,09:35:00,40.495,40.5,40.495,40.5,250,0
2017-10-18,09:45:00,40.945,40.945,40.945,40.945,20,0
2017-10-18,10:55:00,40.3,40.975,40.3,40.975,561,0
2017-10-18,11:25:00,40.515,40.515,40.5,40.5,302,0
2017-10-18,11:35:00,40.5,40.5,40.5,40.5,60,0
2017-10-18,11:55:00,40.5,40.5,40.44,40.44,251,0
2017-10-18,12:10:00,40.44,40.44,40.44,40.44,53,0
2017-10-18,12:15:00,40.44,40.465,40.44,40.465,125,0
2017-10-18,12:25:00,40.245,40.245,40.245,40.245,44,0
2017-10-18,13:20:00,40.25,40.25,40.2,40.2,186,0
2017-10-18,14:20:00,40.245,40.25,40.245,40.25,493,0
2017-10-18,14:25:00,40.16,40.16,40.01,40.01,50,0
2017-10-18,14:30:00,40.245,40.25,40.245,40.25,100,0
2017-10-18,14:35:00,40.01,40.01,39.98,39.98,203,0
2017-10-18,14:40:00,40,40,40,40,51,0
2017-10-18,14:45:00,40,40,40,40,16,0
2017-10-18,15:45:00,40.25,40.25,40.25,40.25,51,0
2017-10-18,16:50:00,40.25,40.25,40.25,40.25,18,0
2017-10-18,17:00:00,40.25,40.25,40.25,40.25,9,0
2017-10-18,17:15:00,40,40,40,40,14,0
2017-10-18,17:30:00,40.25,40.25,40.155,40.155,50,0
2017-10-19,09:20:00,40.005,40.005,40.005,40.005,50,0
2017-10-19,09:50:00,40.005,40.005,39.9,39.9,250,0
2017-10-19,10:50:00,39.995,40,39.995,40,978,0
2017-10-19,11:10:00,39.775,39.775,39.605,39.605,350,0
2017-10-19,11:50:00,39.535,39.535,39.535,39.535,7,0
2017-10-19,12:05:00,39.955,39.955,39.955,39.955,150,0
2017-10-19,12:30:00,39.535,39.535,39.535,39.535,115,0
2017-10-19,12:35:00,39.54,39.54,39.54,39.54,66,0
2017-10-19,12:55:00,39.545,39.545,39.545,39.545,60,0
2017-10-19,13:00:00,39.565,39.565,39.565,39.565,77,0
2017-10-19,13:25:00,39.575,39.575,39.53,39.53,500,0
2017-10-19,15:15:00,39.535,39.535,39.535,39.535,18,0
2017-10-19,15:40:00,39.54,39.54,39.54,39.54,43,0
2017-10-19,16:05:00,39.54,39.54,39.5,39.5,88,0
2017-10-19,16:15:00,39.5,39.5,39.5,39.5,19,0
2017-10-19,17:30:00,39.5,39.985,39.5,39.745,33,0
2017-10-20,09:05:00,39.75,39.75,39.75,39.75,50,0
2017-10-20,09:25:00,39.75,39.75,39.75,39.75,30,0
2017-10-20,09:45:00,39.24,39.24,39.24,39.24,4,0
2017-10-20,10:05:00,40.285,40.8,40.285,40.8,500,0
2017-10-20,10:25:00,40.295,40.295,40.295,40.295,53,0
2017-10-20,11:05:00,40.275,40.275,40.275,40.275,18,0
2017-10-20,11:45:00,40.265,40.3,40.265,40.3,272,0
2017-10-20,12:20:00,40.405,40.41,40.405,40.41,98,0
2017-10-20,12:30:00,40.815,40.815,40.815,40.815,50,0
2017-10-20,13:00:00,41.03,41.03,41.025,41.025,67,0
2017-10-20,13:10:00,41.025,41.025,41.025,41.025,1,0
2017-10-20,13:25:00,40.41,40.41,40.41,40.41,2,0
2017-10-20,13:45:00,41.03,41.03,41.03,41.03,40,0
2017-10-20,13:55:00,41.125,41.125,41.125,41.125,50,0
2017-10-20,14:20:00,41.155,41.155,41.155,41.155,8,0
2017-10-20,14:35:00,40.34,40.34,40.34,40.34,102,0
2017-10-20,14:40:00,40.33,40.33,40.33,40.33,30,0
2017-10-20,15:45:00,41.155,41.155,41.155,41.155,10,0
2017-10-20,16:25:00,40.95,41,40.95,41,151,0
2017-10-20,16:50:00,40.85,41.15,40.85,41.15,132,0
2017-10-20,16:55:00,41.155,41.43,41.155,41.205,690,0
2017-10-20,17:10:00,41.21,41.21,41.205,41.205,250,0
2017-10-20,17:20:00,41.21,41.21,41.21,41.21,12,0
2017-10-20,17:25:00,41.21,41.21,41.21,41.21,14,0
2017-10-20,17:30:00,41.3,41.3,41.3,41.3,130,0
2017-10-23,09:05:00,41.8,41.8,41.8,41.8,200,0
2017-10-23,10:20:00,42.01,42.01,42.01,42.01,210,0
2017-10-23,10:25:00,41.99,41.99,41.99,41.99,96,0
2017-10-23,10:55:00,42.335,42.36,42.335,42.36,134,0
2017-10-23,11:05:00,41.89,41.89,41.8,41.8,75,0
2017-10-23,12:10:00,42.33,42.33,42.33,42.33,144,0
2017-10-23,12:30:00,42.5,42.5,42.5,42.5,29,0
2017-10-23,13:00:00,43,43,43,43,9,0
2017-10-23,13:20:00,42.75,42.75,42.75,42.75,100,0
2017-10-23,13:25:00,42.975,43.1,42.975,43.1,200,0
2017-10-23,13:30:00,42.95,42.95,42.95,42.95,6,0
2017-10-23,13:55:00,42.835,42.95,42.835,42.95,191,0
2017-10-23,14:10:00,42.635,42.635,41.785,41.785,220,0
2017-10-23,14:30:00,42.5,42.555,42.5,42.555,185,0
2017-10-23,15:15:00,41.61,41.61,41.5,41.5,394,0
2017-10-23,15:20:00,41.46,41.46,41.45,41.45,450,0
2017-10-23,15:35:00,41.3,41.3,41.3,41.3,6,0
2017-10-23,15:40:00,41,41,41,41,177,0
2017-10-23,16:00:00,41,41,41,41,30,0
2017-10-23,17:30:00,41,41,41,41,20,0
2017-10-24,13:00:00,41.54,41.54,41.54,41.54,21,0
2017-10-24,17:30:00,41.355,41.355,41.355,41.355,0,0
2017-10-25,09:05:00,42.14,42.14,42.14,42.14,25,0
2017-10-25,09:40:00,41.86,41.86,41.86,41.86,12,0
2017-10-25,09:50:00,42.02,42.02,42.02,42.02,13,0
2017-10-25,10:20:00,41.355,41.355,41.355,41.355,100,0
2017-10-25,11:00:00,41.495,41.495,41.495,41.495,7,0
2017-10-25,11:10:00,41.35,41.35,41.35,41.35,10,0
2017-10-25,11:40:00,41.35,41.35,41.34,41.34,51,0
2017-10-25,16:50:00,41.265,41.265,41.265,41.265,46,0
2017-10-25,17:00:00,40.525,40.525,40.525,40.525,12,0
2017-10-25,17:10:00,40.525,41.27,40.525,41.27,87,0
2017-10-25,17:20:00,40.505,40.505,40.5,40.5,211,0
2017-10-25,17:30:00,41.255,41.255,40.505,40.885,108,0
2017-10-26,09:05:00,40.5,40.5,40.5,40.5,100,0
2017-10-26,10:15:00,40.54,40.54,40.5,40.5,471,0
2017-10-26,11:10:00,39.9,39.9,39.85,39.85,125,0
2017-10-26,11:40:00,40.495,40.495,40.495,40.495,10,0
2017-10-26,13:40:00,40.49,40.49,40.49,40.49,1,0
2017-10-26,14:45:00,39.85,40.35,39.85,40.35,10,0
2017-10-26,15:00:00,40.35,40.35,40.35,40.35,10,0
2017-10-26,15:40:00,40.35,40.35,40.35,40.35,2,0
2017-10-26,16:05:00,39.85,39.85,39.85,39.85,80,0
2017-10-26,16:10:00,39.85,39.85,39.85,39.85,200,0
2017-10-26,16:20:00,39.85,39.85,39.85,39.85,100,0
2017-10-26,16:25:00,39.85,39.85,39.275,39.275,160,0
2017-10-26,16:30:00,39.14,39.14,39.14,39.14,11,0
2017-10-26,17:30:00,39.995,39.995,39.95,39.95,104,0
2017-10-27,09:30:00,39.45,39.45,39.4,39.4,125,0
2017-10-27,09:35:00,39.16,39.16,39.145,39.145,86,0
2017-10-27,11:05:00,39.19,39.19,38.335,39.175,1492,0
2017-10-27,11:10:00,38.1,38.1,38.1,38.1,60,0
2017-10-27,11:15:00,39.115,39.115,39.11,39.11,720,0
2017-10-27,12:10:00,39,39,39,39,75,0
2017-10-27,12:55:00,39,39,38.105,38.105,19,0
2017-10-27,13:05:00,38.45,38.45,38.445,38.445,36,0
2017-10-27,13:25:00,38.25,38.44,38.25,38.44,62,0
2017-10-27,13:40:00,38.32,38.44,38.32,38.44,29,0
2017-10-27,13:55:00,38.44,38.45,38.44,38.45,201,0
2017-10-27,14:35:00,38.32,38.45,38.105,38.45,235,0
2017-10-27,16:45:00,38.735,38.735,38.5,38.5,22,0
2017-10-27,16:55:00,38.505,39,38,39,1223,0
2017-10-27,17:00:00,38,38,37.82,37.82,314,0
2017-10-27,17:05:00,38,38,38,38,1,0
2017-10-27,17:10:00,38,38,38,38,100,0
2017-10-27,17:20:00,37.82,37.995,37.51,37.51,738,0
2017-10-27,17:25:00,37.95,37.95,37.95,37.95,200,0
2017-10-27,17:30:00,37.945,37.945,37.155,37.885,263,0
2017-10-30,09:05:00,35.835,35.835,35.835,35.835,770,0
2017-10-30,09:10:00,37.435,37.435,37.435,37.435,19,0
2017-10-30,09:30:00,36.885,36.885,36.885,36.885,454,0
2017-10-30,09:35:00,36.885,36.89,36.885,36.89,464,0
2017-10-30,09:40:00,36.555,36.555,36.55,36.55,50,0
2017-10-30,09:50:00,36.885,36.89,36.885,36.89,346,0
2017-10-30,10:10:00,36.99,36.99,36.15,36.15,624,0
2017-10-30,10:20:00,36.985,36.985,36.985,36.985,150,0
2017-10-30,10:25:00,36.55,36.575,36.55,36.575,56,0
2017-10-30,10:30:00,36.505,36.505,36.325,36.325,100,0
2017-10-30,10:40:00,36.34,36.34,36.115,36.115,82,0
2017-10-30,11:10:00,36.535,36.535,36.535,36.535,11,0
2017-10-30,11:15:00,36.99,36.99,36.99,36.99,135,0
2017-10-30,11:25:00,36.99,36.99,36.99,36.99,495,0
2017-10-30,11:30:00,37.3,37.3,37.3,37.3,255,0
2017-10-30,12:00:00,37.45,37.45,37.45,37.45,55,0
2017-10-30,12:15:00,37.495,37.495,37.495,37.495,50,0
2017-10-30,12:25:00,36.94,36.94,36.94,36.94,37,0
2017-10-30,14:00:00,37.495,37.5,37.495,37.5,300,0
2017-10-30,14:30:00,37.18,37.18,37.18,37.18,46,0
2017-10-30,15:10:00,37.18,37.18,37.18,37.18,34,0
2017-10-30,15:25:00,37.18,37.18,37.18,37.18,11,0
2017-10-30,15:40:00,37.5,37.5,37.5,37.5,25,0
2017-10-30,16:30:00,37.5,37.5,37.5,37.5,25,0
2017-10-30,16:35:00,37.185,37.97,37.185,37.97,119,0
2017-10-30,16:40:00,37.18,37.18,37.18,37.18,14,0
2017-10-30,17:20:00,37.985,37.985,37.01,37.01,167,0
2017-10-30,17:30:00,37.985,37.99,37,37,66,0
2017-11-01,09:05:00,37.005,38,37.005,38,882,0
2017-11-01,09:10:00,38.495,38.495,38.495,38.495,59,0
2017-11-01,09:20:00,37.8,37.8,37.795,37.795,133,0
2017-11-01,09:25:00,37.795,37.8,37.795,37.8,134,0
2017-11-01,09:30:00,37.795,38.495,37.795,38.495,286,0
2017-11-01,09:35:00,38.48,38.485,38.48,38.485,359,0
2017-11-01,10:20:00,38.495,38.495,38.495,38.495,100,0
2017-11-01,10:35:00,38.495,38.86,38.325,38.325,1006,0
2017-11-01,11:00:00,38.8,39,38.8,39,405,0
2017-11-01,12:00:00,39.48,39.48,39.48,39.48,16,0
2017-11-01,12:20:00,39.47,39.47,39.47,39.47,126,0
2017-11-01,12:25:00,39.005,39.005,39.005,39.005,1,0
2017-11-01,12:35:00,39.47,39.47,39.47,39.47,40,0
2017-11-01,12:45:00,39.47,39.47,39.47,39.47,22,0
2017-11-01,13:00:00,39.47,39.47,39.47,39.47,70,0
2017-11-01,13:10:00,39.47,39.47,39.47,39.47,80,0
2017-11-01,13:30:00,39.015,39.015,39.015,39.015,100,0
2017-11-01,13:40:00,39.5,39.5,39.5,39.5,50,0
2017-11-01,14:55:00,39.78,39.78,39.78,39.78,68,0
2017-11-01,15:00:00,39.78,39.78,39.78,39.78,39,0
2017-11-01,16:15:00,39.985,39.985,39.985,39.985,40,0
2017-11-01,16:40:00,39.985,39.985,39.985,39.985,8,0
2017-11-01,16:55:00,39.98,39.98,39.98,39.98,200,0
2017-11-01,17:00:00,39.99,40,39.99,40,438,0
2017-11-01,17:30:00,39.99,39.99,39.99,39.99,89,0
2017-11-02,09:05:00,40.75,40.75,40.75,40.75,728,0
2017-11-02,09:10:00,41.015,41.205,41.015,41.205,100,0
2017-11-02,09:15:00,41.69,42,41.69,42,524,0
2017-11-02,09:20:00,41.9,41.9,41.9,41.9,369,0
2017-11-02,09:30:00,41.975,41.975,41.975,41.975,4,0
2017-11-02,09:40:00,41.74,41.74,41.74,41.74,25,0
2017-11-02,09:45:00,42,42,41.9,41.95,109,0
2017-11-02,09:55:00,41.995,42,41.995,42,91,0
2017-11-02,10:05:00,42.4,42.4,42.4,42.4,20,0
2017-11-02,10:15:00,42,42.385,41.95,42.385,156,0
2017-11-02,10:20:00,41.95,41.955,41.95,41.955,176,0
2017-11-02,10:50:00,42,42,42,42,74,0
2017-11-02,11:00:00,42,42,42,42,25,0
2017-11-02,11:25:00,42.28,42.3,42,42,437,0
2017-11-02,12:00:00,42,42,42,42,25,0
2017-11-02,12:05:00,42.3,42.3,42.3,42.3,70,0
2017-11-02,12:35:00,42.005,42.005,42.005,42.005,100,0
2017-11-02,13:20:00,42.295,42.295,42,42,254,0
2017-11-02,14:15:00,42.005,42.005,42.005,42.005,25,0
2017-11-02,14:35:00,42.005,42.3,42.005,42.3,77,0
2017-11-02,15:50:00,42.895,42.895,42.895,42.895,653,0
2017-11-02,16:50:00,42.305,42.305,42.305,42.305,100,0
2017-11-02,16:55:00,42.305,42.305,42.305,42.305,25,0
2017-11-02,17:25:00,42.8,43,42.8,43,1193,0
2017-11-02,17:30:00,42.305,42.995,42.305,42.995,129,0
2017-11-03,09:05:00,42.41,42.41,42.41,42.41,39,0
2017-11-03,09:10:00,42.43,42.43,42.43,42.43,152,0
2017-11-03,09:20:00,42.84,43.3,42.84,43.3,536,0
2017-11-03,09:25:00,43.3,43.3,43.3,43.3,70,0
2017-11-03,09:30:00,43.45,43.75,43.45,43.75,523,0
2017-11-03,09:35:00,43.3,43.3,43.3,43.3,133,0
2017-11-03,10:00:00,43.295,43.295,42.71,42.71,170,0
2017-11-03,10:35:00,43.295,43.3,43.295,43.3,500,0
2017-11-03,10:50:00,43.295,43.295,43.295,43.295,5,0
2017-11-03,12:10:00,43.245,43.25,42.63,42.63,649,0
2017-11-03,14:05:00,42.575,42.575,42.575,42.575,1,0
2017-11-03,14:15:00,43,43,43,43,360,0
2017-11-03,15:25:00,43,43,43,43,100,0
2017-11-03,16:25:00,42.805,42.805,42.8,42.8,100,0
2017-11-03,16:30:00,42.8,42.8,42.8,42.8,25,0
2017-11-03,17:05:00,42.8,42.8,42.57,42.57,150,0
2017-11-03,17:25:00,42.5,42.5,42.5,42.5,400,0
2017-11-03,17:30:00,42.65,42.65,42.65,42.65,0,0
2017-11-06,09:05:00,42,42,42,42,5,0
2017-11-06,09:10:00,41.835,41.835,41.5,41.75,654,0
2017-11-06,09:30:00,41.695,41.695,41.69,41.69,395,0
2017-11-06,09:40:00,41.585,41.585,41.5,41.5,668,0
2017-11-06,10:40:00,41,41,41,41,59,0
2017-11-06,10:50:00,41,41,41,41,10,0
2017-11-06,10:55:00,40.615,40.615,40.61,40.61,507,0
2017-11-06,12:00:00,40.96,40.96,40.96,40.96,61,0
2017-11-06,13:35:00,40.895,40.9,40.895,40.9,111,0
2017-11-06,14:25:00,40.9,40.955,40.6,40.955,115,0
2017-11-06,14:30:00,40.9,40.9,40.9,40.9,24,0
2017-11-06,15:10:00,40.6,40.6,40.6,40.6,15,0
2017-11-06,16:35:00,40.995,40.995,40.995,40.995,11,0
2017-11-06,17:10:00,40.99,40.99,40.99,40.99,7,0
2017-11-06,17:30:00,40.98,40.98,40.98,40.98,3,0
2017-11-07,10:50:00,40.315,40.315,40.2,40.2,295,0
2017-11-07,11:30:00,40.905,40.905,40.905,40.905,20,0
2017-11-07,12:45:00,40.4,40.4,40.215,40.215,35,0
2017-11-07,13:10:00,40.215,40.215,40.215,40.215,16,0
2017-11-07,13:45:00,40.215,40.215,40.15,40.15,265,0
2017-11-07,13:50:00,40,40,40,40,115,0
2017-11-07,15:55:00,40.03,40.03,40.03,40.03,125,0
2017-11-07,16:40:00,40.03,40.03,39.365,39.365,136,0
2017-11-07,16:50:00,40,40,39.975,39.975,202,0
2017-11-07,17:00:00,39.895,40,39.895,39.955,758,0
2017-11-07,17:30:00,39.66,39.66,39.66,39.66,0,0
2017-11-08,09:05:00,39.365,39.365,39.365,39.365,5,0
2017-11-08,11:10:00,40,40.35,40,40.35,50,0
2017-11-08,11:40:00,39.79,39.79,39.79,39.79,10,0
2017-11-08,12:30:00,39.79,39.79,39.79,39.79,10,0
2017-11-08,12:45:00,39.8,39.8,39.575,39.575,306,0
2017-11-08,13:45:00,39.58,39.58,39.58,39.58,91,0
2017-11-08,13:50:00,39.595,39.595,39.595,39.595,30,0
2017-11-08,14:20:00,40.35,40.35,40.35,40.35,13,0
2017-11-08,16:40:00,40.52,40.52,40.52,40.52,20,0
2017-11-08,17:30:00,40,40,40,40,75,0
2017-11-09,09:05:00,40,40,40,40,12,0
2017-11-09,09:40:00,40,40,40,40,10,0
2017-11-09,11:20:00,40,40,40,40,6,0
2017-11-09,12:20:00,40.63,40.9,40.63,40.9,246,0
2017-11-09,12:40:00,40.87,40.99,40.87,40.99,600,0
2017-11-09,14:15:00,40.305,40.305,40.305,40.305,50,0
2017-11-09,14:55:00,40.96,40.96,40.96,40.96,12,0
2017-11-09,15:15:00,40.01,40.01,40.01,40.01,6,0
2017-11-09,15:40:00,40.01,40.01,40.01,40.01,89,0
2017-11-09,16:15:00,40.005,40.005,40.005,40.005,6,0
2017-11-09,17:00:00,40,40,40,40,14,0
2017-11-09,17:25:00,40,40,40,40,8,0
2017-11-09,17:30:00,40.005,40.475,40.005,40.475,33,0
